{
  "binary": {
    "Decision Tree": {
      "train": 1.0,
      "val": 0.6467916125000522,
      "std": 0.0063400365832876285
    },
    "Random Forest": {
      "train": 0.988399672351202,
      "val": 0.7308654115316877,
      "std": 0.01970325451701264
    },
    "KNN": {
      "train": 0.7962739372907874,
      "val": 0.6719442644206891,
      "std": 0.012567330272930232
    }
  },
  "six_class": {
    "Decision Tree": {
      "train": 1.0,
      "val": 0.33031936819513796,
      "std": 0.03498946044446524
    },
    "Random Forest": {
      "train": 0.9936857715377073,
      "val": 0.41404702223274825,
      "std": 0.04511229943367501
    },
    "KNN": {
      "train": 0.46059350526779924,
      "val": 0.3287684178399576,
      "std": 0.015216237058317733
    }
  }
}