{
  "with_hair": {
    "bal_acc": [
      0.75100783620963,
      0.7495145631067961,
      0.7434777702550215,
      0.7211411034386552,
      0.7635882635882636
    ],
    "auc": [
      0.8223943470580241,
      0.8186498080830888,
      0.8185962536673437,
      0.7876124712282905,
      0.8408117455736505
    ]
  },
  "without_hair": {
    "bal_acc": [
      0.7507247361507452,
      0.7352562655226913,
      0.7387045813586097,
      0.7319174164748553,
      0.7647907647907648
    ],
    "auc": [
      0.8204919146623182,
      0.8181305034996613,
      0.8183480027081922,
      0.7932854386087279,
      0.8388648388648388
    ]
  },
  "removed_features": [
    "hair_coverage",
    "hair_in_lesion"
  ]
}